date_time,user_id,category,days_from_payday,weekday,is_weekend,is_holiday,amount
2025-01-01T00:00:00+09:00,U001,utilities,-24,2,False,False,30.0
2025-01-02T00:00:00+09:00,U001,transport,-23,3,False,False,2030.0
2025-01-02T00:00:00+09:00,U001,food,-23,3,False,False,7480.0
2025-01-02T00:00:00+09:00,U001,utilities,-23,3,False,False,2570.0
2025-01-03T00:00:00+09:00,U001,food,-22,4,False,False,3450.0
2025-01-04T00:00:00+09:00,U001,food,-21,5,True,False,3100.0
2025-01-04T00:00:00+09:00,U001,transport,-21,5,True,False,11620.0
2025-01-04T00:00:00+09:00,U001,utilities,-21,5,True,False,7350.0
2025-01-05T00:00:00+09:00,U001,transport,-20,6,True,False,2660.0
2025-01-05T00:00:00+09:00,U001,food,-20,6,True,False,390.0
2025-01-05T00:00:00+09:00,U001,utilities,-20,6,True,False,5200.0
2025-01-06T00:00:00+09:00,U001,food,-19,0,False,False,7590.0
2025-01-07T00:00:00+09:00,U001,food,-18,1,False,False,3680.0
2025-01-07T00:00:00+09:00,U001,social,-18,1,False,False,920.0
2025-01-07T00:00:00+09:00,U001,transport,-18,1,False,False,480.0
2025-01-08T00:00:00+09:00,U001,transport,-17,2,False,True,6600.0
2025-01-08T00:00:00+09:00,U001,food,-17,2,False,True,5850.0
2025-01-08T00:00:00+09:00,U001,utilities,-17,2,False,True,8100.0
2025-01-09T00:00:00+09:00,U001,food,-16,3,False,True,320.0
2025-01-10T00:00:00+09:00,U001,food,-15,4,False,False,11340.0
2025-01-10T00:00:00+09:00,U001,transport,-15,4,False,False,130.0
2025-01-10T00:00:00+09:00,U001,utilities,-15,4,False,False,5890.0
2025-01-11T00:00:00+09:00,U001,utilities,-14,5,True,True,2940.0
2025-01-12T00:00:00+09:00,U001,food,-13,6,True,False,2450.0
2025-01-13T00:00:00+09:00,U001,food,-12,0,False,False,7480.0
2025-01-14T00:00:00+09:00,U001,food,-11,1,False,False,5110.0
2025-01-15T00:00:00+09:00,U001,food,-10,2,False,False,4050.0
2025-01-15T00:00:00+09:00,U001,entertainment,-10,2,False,False,8130.0
2025-01-16T00:00:00+09:00,U001,food,-9,3,False,False,920.0
2025-01-16T00:00:00+09:00,U001,transport,-9,3,False,False,6700.0
2025-01-17T00:00:00+09:00,U001,utilities,-8,4,False,False,920.0
2025-01-17T00:00:00+09:00,U001,food,-8,4,False,False,2150.0
2025-01-18T00:00:00+09:00,U001,food,-7,5,True,False,5260.0
2025-01-18T00:00:00+09:00,U001,utilities,-7,5,True,False,2520.0
2025-01-19T00:00:00+09:00,U001,transport,-6,6,True,False,6170.0
2025-01-19T00:00:00+09:00,U001,utilities,-6,6,True,False,3500.0
2025-01-20T00:00:00+09:00,U001,other,-5,0,False,False,31960.0
2025-01-20T00:00:00+09:00,U001,food,-5,0,False,False,3230.0
2025-01-20T00:00:00+09:00,U001,transport,-5,0,False,False,1120.0
2025-01-21T00:00:00+09:00,U001,transport,-4,1,False,False,200.0
2025-01-21T00:00:00+09:00,U001,food,-4,1,False,False,2200.0
2025-01-21T00:00:00+09:00,U001,utilities,-4,1,False,False,300.0
2025-01-22T00:00:00+09:00,U001,transport,-3,2,False,False,2830.0
2025-01-23T00:00:00+09:00,U001,transport,-2,3,False,False,3170.0
2025-01-24T00:00:00+09:00,U001,utilities,-1,4,False,False,260.0
2025-01-24T00:00:00+09:00,U001,food,-1,4,False,False,3560.0
2025-01-25T00:00:00+09:00,U001,utilities,0,5,True,False,6680.0
2025-01-26T00:00:00+09:00,U001,food,1,6,True,False,2670.0
2025-01-26T00:00:00+09:00,U001,transport,1,6,True,False,3780.0
2025-01-27T00:00:00+09:00,U001,transport,2,0,False,False,2570.0
2025-01-28T00:00:00+09:00,U001,utilities,3,1,False,False,140.0
2025-01-28T00:00:00+09:00,U001,food,3,1,False,False,1820.0
2025-01-28T00:00:00+09:00,U001,transport,3,1,False,False,9800.0
2025-01-29T00:00:00+09:00,U001,food,4,2,False,False,13590.0
2025-01-30T00:00:00+09:00,U001,transport,5,3,False,False,4800.0
2025-01-30T00:00:00+09:00,U001,food,5,3,False,False,1990.0
2025-01-31T00:00:00+09:00,U001,transport,6,4,False,False,820.0
2025-02-01T00:00:00+09:00,U001,transport,-24,5,True,False,2350.0
2025-02-02T00:00:00+09:00,U001,utilities,-23,6,True,False,2910.0
2025-02-02T00:00:00+09:00,U001,food,-23,6,True,False,2330.0
2025-02-02T00:00:00+09:00,U001,transport,-23,6,True,False,1700.0
2025-02-03T00:00:00+09:00,U001,food,-22,0,False,False,3960.0
2025-02-04T00:00:00+09:00,U001,transport,-21,1,False,False,1470.0
2025-02-04T00:00:00+09:00,U001,utilities,-21,1,False,False,230.0
2025-02-04T00:00:00+09:00,U001,food,-21,1,False,False,1260.0
2025-02-05T00:00:00+09:00,U001,food,-20,2,False,False,5670.0
2025-02-05T00:00:00+09:00,U001,social,-20,2,False,False,580.0
2025-02-06T00:00:00+09:00,U001,entertainment,-19,3,False,False,4560.0
2025-02-06T00:00:00+09:00,U001,utilities,-19,3,False,False,4120.0
2025-02-06T00:00:00+09:00,U001,food,-19,3,False,False,1960.0
2025-02-07T00:00:00+09:00,U001,food,-18,4,False,False,1590.0
2025-02-08T00:00:00+09:00,U001,transport,-17,5,True,False,8800.0
2025-02-09T00:00:00+09:00,U001,transport,-16,6,True,False,1610.0
2025-02-09T00:00:00+09:00,U001,food,-16,6,True,False,1930.0
2025-02-09T00:00:00+09:00,U001,utilities,-16,6,True,False,2040.0
2025-02-10T00:00:00+09:00,U001,food,-15,0,False,False,12470.0
2025-02-10T00:00:00+09:00,U001,transport,-15,0,False,False,13450.0
2025-02-11T00:00:00+09:00,U001,utilities,-14,1,False,False,7740.0
2025-02-11T00:00:00+09:00,U001,food,-14,1,False,False,11720.0
2025-02-12T00:00:00+09:00,U001,food,-13,2,False,False,780.0
2025-02-12T00:00:00+09:00,U001,transport,-13,2,False,False,4740.0
2025-02-13T00:00:00+09:00,U001,transport,-12,3,False,False,2510.0
2025-02-13T00:00:00+09:00,U001,food,-12,3,False,False,6710.0
2025-02-13T00:00:00+09:00,U001,other,-12,3,False,False,1100.0
2025-02-14T00:00:00+09:00,U001,transport,-11,4,False,False,550.0
2025-02-14T00:00:00+09:00,U001,utilities,-11,4,False,False,320.0
2025-02-15T00:00:00+09:00,U001,food,-10,5,True,False,27130.0
2025-02-15T00:00:00+09:00,U001,transport,-10,5,True,False,4410.0
2025-02-15T00:00:00+09:00,U001,utilities,-10,5,True,False,3380.0
2025-02-16T00:00:00+09:00,U001,utilities,-9,6,True,False,6870.0
2025-02-16T00:00:00+09:00,U001,transport,-9,6,True,False,3680.0
2025-02-17T00:00:00+09:00,U001,food,-8,0,False,False,9440.0
2025-02-18T00:00:00+09:00,U001,food,-7,1,False,False,9230.0
2025-02-18T00:00:00+09:00,U001,transport,-7,1,False,False,760.0
2025-02-19T00:00:00+09:00,U001,food,-6,2,False,False,4750.0
2025-02-19T00:00:00+09:00,U001,transport,-6,2,False,False,670.0
2025-02-19T00:00:00+09:00,U001,entertainment,-6,2,False,False,7970.0
2025-02-20T00:00:00+09:00,U001,food,-5,3,False,False,30.0
2025-02-20T00:00:00+09:00,U001,transport,-5,3,False,False,60.0
2025-02-20T00:00:00+09:00,U001,utilities,-5,3,False,False,1370.0
2025-02-21T00:00:00+09:00,U001,transport,-4,4,False,False,7690.0
2025-02-21T00:00:00+09:00,U001,food,-4,4,False,False,12500.0
2025-02-22T00:00:00+09:00,U001,food,-3,5,True,False,2280.0
2025-02-22T00:00:00+09:00,U001,utilities,-3,5,True,False,4360.0
2025-02-22T00:00:00+09:00,U001,transport,-3,5,True,False,880.0
2025-02-23T00:00:00+09:00,U001,food,-2,6,True,False,23580.0
2025-02-23T00:00:00+09:00,U001,utilities,-2,6,True,False,2170.0
2025-02-24T00:00:00+09:00,U001,transport,-1,0,False,False,1930.0
2025-02-25T00:00:00+09:00,U001,transport,0,1,False,False,3620.0
2025-02-26T00:00:00+09:00,U001,food,1,2,False,False,1120.0
2025-02-26T00:00:00+09:00,U001,transport,1,2,False,False,100.0
2025-02-26T00:00:00+09:00,U001,utilities,1,2,False,False,130.0
2025-02-27T00:00:00+09:00,U001,transport,2,3,False,False,670.0
2025-02-27T00:00:00+09:00,U001,utilities,2,3,False,False,6750.0
2025-02-28T00:00:00+09:00,U001,transport,3,4,False,False,2290.0
2025-03-01T00:00:00+09:00,U001,utilities,-24,5,True,False,620.0
2025-03-01T00:00:00+09:00,U001,transport,-24,5,True,False,4370.0
2025-03-01T00:00:00+09:00,U001,food,-24,5,True,False,3000.0
2025-03-02T00:00:00+09:00,U001,food,-23,6,True,False,1150.0
2025-03-02T00:00:00+09:00,U001,social,-23,6,True,False,2970.0
2025-03-03T00:00:00+09:00,U001,transport,-22,0,False,False,4540.0
2025-03-04T00:00:00+09:00,U001,food,-21,1,False,False,850.0
2025-03-04T00:00:00+09:00,U001,transport,-21,1,False,False,7520.0
2025-03-04T00:00:00+09:00,U001,utilities,-21,1,False,False,7520.0
2025-03-05T00:00:00+09:00,U001,transport,-20,2,False,False,210.0
2025-03-05T00:00:00+09:00,U001,food,-20,2,False,False,2010.0
2025-03-05T00:00:00+09:00,U001,utilities,-20,2,False,False,13400.0
2025-03-06T00:00:00+09:00,U001,food,-19,3,False,False,8690.0
2025-03-07T00:00:00+09:00,U001,food,-18,4,False,False,1330.0
2025-03-07T00:00:00+09:00,U001,entertainment,-18,4,False,False,1970.0
2025-03-08T00:00:00+09:00,U001,food,-17,5,True,False,790.0
2025-03-08T00:00:00+09:00,U001,transport,-17,5,True,False,1200.0
2025-03-08T00:00:00+09:00,U001,utilities,-17,5,True,False,1990.0
2025-03-09T00:00:00+09:00,U001,food,-16,6,True,False,9320.0
2025-03-09T00:00:00+09:00,U001,utilities,-16,6,True,False,2650.0
2025-03-09T00:00:00+09:00,U001,transport,-16,6,True,False,830.0
2025-03-10T00:00:00+09:00,U001,food,-15,0,False,False,3720.0
2025-03-10T00:00:00+09:00,U001,transport,-15,0,False,False,2260.0
2025-03-11T00:00:00+09:00,U001,food,-14,1,False,False,2280.0
2025-03-12T00:00:00+09:00,U001,utilities,-13,2,False,False,5820.0
2025-03-13T00:00:00+09:00,U001,food,-12,3,False,False,6200.0
2025-03-13T00:00:00+09:00,U001,utilities,-12,3,False,False,1990.0
2025-03-13T00:00:00+09:00,U001,transport,-12,3,False,False,3900.0
2025-03-14T00:00:00+09:00,U001,food,-11,4,False,False,1340.0
2025-03-14T00:00:00+09:00,U001,transport,-11,4,False,False,9390.0
2025-03-14T00:00:00+09:00,U001,utilities,-11,4,False,False,3030.0
2025-03-15T00:00:00+09:00,U001,transport,-10,5,True,False,220.0
2025-03-15T00:00:00+09:00,U001,food,-10,5,True,False,6270.0
2025-03-15T00:00:00+09:00,U001,utilities,-10,5,True,False,530.0
2025-03-16T00:00:00+09:00,U001,food,-9,6,True,False,13520.0
2025-03-17T00:00:00+09:00,U001,food,-8,0,False,False,3120.0
2025-03-18T00:00:00+09:00,U001,transport,-7,1,False,False,9670.0
2025-03-18T00:00:00+09:00,U001,food,-7,1,False,False,2620.0
2025-03-18T00:00:00+09:00,U001,utilities,-7,1,False,False,410.0
2025-03-19T00:00:00+09:00,U001,utilities,-6,2,False,False,190.0
2025-03-19T00:00:00+09:00,U001,food,-6,2,False,False,4830.0
2025-03-20T00:00:00+09:00,U001,food,-5,3,False,False,4210.0
2025-03-21T00:00:00+09:00,U001,food,-4,4,False,False,4650.0
2025-03-21T00:00:00+09:00,U001,transport,-4,4,False,False,3390.0
2025-03-21T00:00:00+09:00,U001,utilities,-4,4,False,False,5320.0
2025-03-22T00:00:00+09:00,U001,food,-3,5,True,False,4010.0
2025-03-22T00:00:00+09:00,U001,transport,-3,5,True,False,1300.0
2025-03-22T00:00:00+09:00,U001,utilities,-3,5,True,False,8230.0
2025-03-23T00:00:00+09:00,U001,utilities,-2,6,True,False,3310.0
2025-03-23T00:00:00+09:00,U001,food,-2,6,True,False,2270.0
2025-03-24T00:00:00+09:00,U001,food,-1,0,False,False,2220.0
2025-03-24T00:00:00+09:00,U001,transport,-1,0,False,False,5260.0
2025-03-25T00:00:00+09:00,U001,utilities,0,1,False,False,9360.0
2025-03-26T00:00:00+09:00,U001,transport,1,2,False,False,8500.0
2025-03-27T00:00:00+09:00,U001,transport,2,3,False,False,3140.0
2025-03-27T00:00:00+09:00,U001,food,2,3,False,False,3140.0
2025-03-28T00:00:00+09:00,U001,entertainment,3,4,False,False,5920.0
2025-03-28T00:00:00+09:00,U001,food,3,4,False,False,17830.0
2025-03-29T00:00:00+09:00,U001,food,4,5,True,False,1990.0
2025-03-29T00:00:00+09:00,U001,transport,4,5,True,False,11400.0
2025-03-30T00:00:00+09:00,U001,food,5,6,True,False,400.0
2025-03-30T00:00:00+09:00,U001,utilities,5,6,True,False,1850.0
2025-03-30T00:00:00+09:00,U001,transport,5,6,True,False,35000.0
2025-03-31T00:00:00+09:00,U001,food,6,0,False,False,26400.0
2025-03-31T00:00:00+09:00,U001,utilities,6,0,False,False,2720.0
2025-04-01T00:00:00+09:00,U001,utilities,-24,1,False,False,50.0
2025-04-01T00:00:00+09:00,U001,transport,-24,1,False,False,690.0
2025-04-01T00:00:00+09:00,U001,food,-24,1,False,False,130.0
2025-04-02T00:00:00+09:00,U001,food,-23,2,False,False,5480.0
2025-04-02T00:00:00+09:00,U001,transport,-23,2,False,False,3450.0
2025-04-03T00:00:00+09:00,U001,transport,-22,3,False,False,1150.0
2025-04-03T00:00:00+09:00,U001,social,-22,3,False,False,1590.0
2025-04-04T00:00:00+09:00,U001,food,-21,4,False,False,6430.0
2025-04-04T00:00:00+09:00,U001,transport,-21,4,False,False,8340.0
2025-04-04T00:00:00+09:00,U001,utilities,-21,4,False,False,1930.0
2025-04-05T00:00:00+09:00,U001,utilities,-20,5,True,False,4540.0
2025-04-05T00:00:00+09:00,U001,transport,-20,5,True,False,830.0
2025-04-06T00:00:00+09:00,U001,food,-19,6,True,False,4830.0
2025-04-06T00:00:00+09:00,U001,transport,-19,6,True,False,1710.0
2025-04-06T00:00:00+09:00,U001,utilities,-19,6,True,False,5520.0
2025-04-07T00:00:00+09:00,U001,food,-18,0,False,False,940.0
2025-04-08T00:00:00+09:00,U001,transport,-17,1,False,False,1680.0
2025-04-08T00:00:00+09:00,U001,food,-17,1,False,False,3780.0
2025-04-09T00:00:00+09:00,U001,utilities,-16,2,False,False,7740.0
2025-04-09T00:00:00+09:00,U001,transport,-16,2,False,False,5280.0
2025-04-09T00:00:00+09:00,U001,food,-16,2,False,False,4190.0
2025-04-10T00:00:00+09:00,U001,utilities,-15,3,False,False,3070.0
2025-04-10T00:00:00+09:00,U001,food,-15,3,False,False,2650.0
2025-04-10T00:00:00+09:00,U001,transport,-15,3,False,False,1580.0
2025-04-11T00:00:00+09:00,U001,transport,-14,4,False,False,14480.0
2025-04-12T00:00:00+09:00,U001,transport,-13,5,True,False,9990.0
2025-04-12T00:00:00+09:00,U001,food,-13,5,True,False,1320.0
2025-04-13T00:00:00+09:00,U001,utilities,-12,6,True,False,1760.0
2025-04-14T00:00:00+09:00,U001,food,-11,0,False,False,3750.0
2025-04-14T00:00:00+09:00,U001,transport,-11,0,False,False,4210.0
2025-04-15T00:00:00+09:00,U001,food,-10,1,False,False,2000.0
2025-04-16T00:00:00+09:00,U001,utilities,-9,2,False,False,1170.0
2025-04-17T00:00:00+09:00,U001,other,-8,3,False,False,480.0
2025-04-18T00:00:00+09:00,U001,food,-7,4,False,False,2150.0
2025-04-18T00:00:00+09:00,U001,transport,-7,4,False,False,8410.0
2025-04-18T00:00:00+09:00,U001,utilities,-7,4,False,False,150.0
2025-04-19T00:00:00+09:00,U001,food,-6,5,True,False,120.0
2025-04-19T00:00:00+09:00,U001,transport,-6,5,True,False,9620.0
2025-04-20T00:00:00+09:00,U001,food,-5,6,True,False,2420.0
2025-04-21T00:00:00+09:00,U001,transport,-4,0,False,False,7610.0
2025-04-21T00:00:00+09:00,U001,food,-4,0,False,False,7000.0
2025-04-21T00:00:00+09:00,U001,other,-4,0,False,False,2590.0
2025-04-22T00:00:00+09:00,U001,food,-3,1,False,False,1040.0
2025-04-22T00:00:00+09:00,U001,utilities,-3,1,False,False,6910.0
2025-04-22T00:00:00+09:00,U001,transport,-3,1,False,False,6260.0
2025-04-23T00:00:00+09:00,U001,food,-2,2,False,False,2120.0
2025-04-23T00:00:00+09:00,U001,transport,-2,2,False,False,2530.0
2025-04-24T00:00:00+09:00,U001,utilities,-1,3,False,False,380.0
2025-04-24T00:00:00+09:00,U001,food,-1,3,False,False,6500.0
2025-04-25T00:00:00+09:00,U001,food,0,4,False,False,6460.0
2025-04-25T00:00:00+09:00,U001,utilities,0,4,False,False,7410.0
2025-04-26T00:00:00+09:00,U001,food,1,5,True,False,7390.0
2025-04-26T00:00:00+09:00,U001,transport,1,5,True,False,1430.0
2025-04-26T00:00:00+09:00,U001,utilities,1,5,True,False,8950.0
2025-04-27T00:00:00+09:00,U001,food,2,6,True,False,270.0
2025-04-28T00:00:00+09:00,U001,clothing_beauty_daily,3,0,False,False,5730.0
2025-04-28T00:00:00+09:00,U001,utilities,3,0,False,False,10960.0
2025-04-29T00:00:00+09:00,U001,food,4,1,False,False,9030.0
2025-04-29T00:00:00+09:00,U001,utilities,4,1,False,False,2570.0
2025-04-29T00:00:00+09:00,U001,transport,4,1,False,False,5440.0
2025-04-30T00:00:00+09:00,U001,food,5,2,False,False,1220.0
2025-05-01T00:00:00+09:00,U001,food,-24,3,False,False,7060.0
2025-05-01T00:00:00+09:00,U001,utilities,-24,3,False,False,6620.0
2025-05-01T00:00:00+09:00,U001,transport,-24,3,False,False,10540.0
2025-05-02T00:00:00+09:00,U001,food,-23,4,False,False,1290.0
2025-05-02T00:00:00+09:00,U001,transport,-23,4,False,False,200.0
2025-05-02T00:00:00+09:00,U001,clothing_beauty_daily,-23,4,False,False,1370.0
2025-05-03T00:00:00+09:00,U001,transport,-22,5,True,False,1120.0
2025-05-03T00:00:00+09:00,U001,utilities,-22,5,True,False,10100.0
2025-05-03T00:00:00+09:00,U001,food,-22,5,True,False,2990.0
2025-05-04T00:00:00+09:00,U001,utilities,-21,6,True,False,420.0
2025-05-04T00:00:00+09:00,U001,food,-21,6,True,False,1050.0
2025-05-04T00:00:00+09:00,U001,transport,-21,6,True,False,2590.0
2025-05-05T00:00:00+09:00,U001,utilities,-20,0,False,False,9740.0
2025-05-06T00:00:00+09:00,U001,transport,-19,1,False,False,18810.0
2025-05-06T00:00:00+09:00,U001,utilities,-19,1,False,False,1270.0
2025-05-06T00:00:00+09:00,U001,food,-19,1,False,False,3380.0
2025-05-07T00:00:00+09:00,U001,utilities,-18,2,False,False,7120.0
2025-05-07T00:00:00+09:00,U001,transport,-18,2,False,False,4820.0
2025-05-07T00:00:00+09:00,U001,food,-18,2,False,False,2990.0
2025-05-08T00:00:00+09:00,U001,utilities,-17,3,False,False,15960.0
2025-05-08T00:00:00+09:00,U001,transport,-17,3,False,False,3380.0
2025-05-09T00:00:00+09:00,U001,food,-16,4,False,False,5360.0
2025-05-09T00:00:00+09:00,U001,transport,-16,4,False,False,1490.0
2025-05-09T00:00:00+09:00,U001,utilities,-16,4,False,False,3660.0
2025-05-10T00:00:00+09:00,U001,utilities,-15,5,True,False,140.0
2025-05-10T00:00:00+09:00,U001,food,-15,5,True,False,70.0
2025-05-11T00:00:00+09:00,U001,food,-14,6,True,False,16580.0
2025-05-12T00:00:00+09:00,U001,social,-13,0,False,False,1140.0
2025-05-12T00:00:00+09:00,U001,utilities,-13,0,False,False,1300.0
2025-05-12T00:00:00+09:00,U001,transport,-13,0,False,False,3380.0
2025-05-13T00:00:00+09:00,U001,utilities,-12,1,False,False,1190.0
2025-05-14T00:00:00+09:00,U001,food,-11,2,False,False,1060.0
2025-05-14T00:00:00+09:00,U001,transport,-11,2,False,False,3560.0
2025-05-15T00:00:00+09:00,U001,transport,-10,3,False,False,4940.0
2025-05-15T00:00:00+09:00,U001,food,-10,3,False,False,1250.0
2025-05-16T00:00:00+09:00,U001,food,-9,4,False,False,30.0
2025-05-16T00:00:00+09:00,U001,entertainment,-9,4,False,False,7400.0
2025-05-17T00:00:00+09:00,U001,food,-8,5,True,False,9760.0
2025-05-17T00:00:00+09:00,U001,utilities,-8,5,True,False,7870.0
2025-05-17T00:00:00+09:00,U001,transport,-8,5,True,False,770.0
2025-05-18T00:00:00+09:00,U001,transport,-7,6,True,False,13030.0
2025-05-19T00:00:00+09:00,U001,transport,-6,0,False,False,3800.0
2025-05-19T00:00:00+09:00,U001,food,-6,0,False,False,14880.0
2025-05-20T00:00:00+09:00,U001,food,-5,1,False,False,3410.0
2025-05-20T00:00:00+09:00,U001,entertainment,-5,1,False,False,630.0
2025-05-21T00:00:00+09:00,U001,food,-4,2,False,True,6990.0
2025-05-21T00:00:00+09:00,U001,utilities,-4,2,False,True,14240.0
2025-05-21T00:00:00+09:00,U001,transport,-4,2,False,True,3920.0
2025-05-22T00:00:00+09:00,U001,transport,-3,3,False,False,2270.0
2025-05-23T00:00:00+09:00,U001,food,-2,4,False,False,3970.0
2025-05-23T00:00:00+09:00,U001,utilities,-2,4,False,False,16770.0
2025-05-24T00:00:00+09:00,U001,utilities,-1,5,True,False,170.0
2025-05-24T00:00:00+09:00,U001,food,-1,5,True,False,760.0
2025-05-24T00:00:00+09:00,U001,entertainment,-1,5,True,False,13230.0
2025-05-25T00:00:00+09:00,U001,food,0,6,True,False,2160.0
2025-05-25T00:00:00+09:00,U001,utilities,0,6,True,False,1220.0
2025-05-26T00:00:00+09:00,U001,transport,1,0,False,False,5190.0
2025-05-26T00:00:00+09:00,U001,utilities,1,0,False,False,19680.0
2025-05-27T00:00:00+09:00,U001,utilities,2,1,False,False,5250.0
2025-05-27T00:00:00+09:00,U001,food,2,1,False,False,4530.0
2025-05-27T00:00:00+09:00,U001,transport,2,1,False,False,9010.0
2025-05-28T00:00:00+09:00,U001,food,3,2,False,False,11680.0
2025-05-28T00:00:00+09:00,U001,transport,3,2,False,False,4770.0
2025-05-28T00:00:00+09:00,U001,utilities,3,2,False,False,7350.0
2025-05-29T00:00:00+09:00,U001,food,4,3,False,False,11270.0
2025-05-29T00:00:00+09:00,U001,transport,4,3,False,False,3170.0
2025-05-30T00:00:00+09:00,U001,food,5,4,False,False,100.0
2025-05-30T00:00:00+09:00,U001,utilities,5,4,False,False,14030.0
2025-05-30T00:00:00+09:00,U001,transport,5,4,False,False,6520.0
2025-01-01T00:00:00+09:00,U002,other,-24,2,False,False,690.0
2025-01-01T00:00:00+09:00,U002,social,-24,2,False,False,2450.0
2025-01-01T00:00:00+09:00,U002,entertainment,-24,2,False,False,1110.0
2025-01-02T00:00:00+09:00,U002,social,-23,3,False,False,1110.0
2025-01-02T00:00:00+09:00,U002,entertainment,-23,3,False,False,4470.0
2025-01-02T00:00:00+09:00,U002,other,-23,3,False,False,8330.0
2025-01-03T00:00:00+09:00,U002,other,-22,4,False,False,2630.0
2025-01-03T00:00:00+09:00,U002,entertainment,-22,4,False,False,80.0
2025-01-03T00:00:00+09:00,U002,transport,-22,4,False,False,9000.0
2025-01-04T00:00:00+09:00,U002,entertainment,-21,5,True,False,2730.0
2025-01-04T00:00:00+09:00,U002,other,-21,5,True,False,200.0
2025-01-05T00:00:00+09:00,U002,other,-20,6,True,False,2380.0
2025-01-06T00:00:00+09:00,U002,social,-19,0,False,False,4240.0
2025-01-07T00:00:00+09:00,U002,other,-18,1,False,False,1460.0
2025-01-08T00:00:00+09:00,U002,social,-17,2,False,False,160.0
2025-01-08T00:00:00+09:00,U002,entertainment,-17,2,False,False,6700.0
2025-01-09T00:00:00+09:00,U002,entertainment,-16,3,False,False,350.0
2025-01-09T00:00:00+09:00,U002,social,-16,3,False,False,900.0
2025-01-09T00:00:00+09:00,U002,other,-16,3,False,False,8050.0
2025-01-10T00:00:00+09:00,U002,social,-15,4,False,False,18770.0
2025-01-10T00:00:00+09:00,U002,other,-15,4,False,False,5180.0
2025-01-11T00:00:00+09:00,U002,other,-14,5,True,False,7660.0
2025-01-11T00:00:00+09:00,U002,social,-14,5,True,False,16070.0
2025-01-12T00:00:00+09:00,U002,entertainment,-13,6,True,False,1210.0
2025-01-12T00:00:00+09:00,U002,social,-13,6,True,False,3040.0
2025-01-13T00:00:00+09:00,U002,other,-12,0,False,False,6060.0
2025-01-14T00:00:00+09:00,U002,social,-11,1,False,False,5830.0
2025-01-14T00:00:00+09:00,U002,food,-11,1,False,False,1910.0
2025-01-15T00:00:00+09:00,U002,social,-10,2,False,False,4400.0
2025-01-16T00:00:00+09:00,U002,other,-9,3,False,False,620.0
2025-01-16T00:00:00+09:00,U002,social,-9,3,False,False,5050.0
2025-01-17T00:00:00+09:00,U002,other,-8,4,False,False,1110.0
2025-01-18T00:00:00+09:00,U002,entertainment,-7,5,True,False,5980.0
2025-01-19T00:00:00+09:00,U002,entertainment,-6,6,True,False,3610.0
2025-01-19T00:00:00+09:00,U002,other,-6,6,True,False,6270.0
2025-01-19T00:00:00+09:00,U002,social,-6,6,True,False,2420.0
2025-01-20T00:00:00+09:00,U002,entertainment,-5,0,False,False,5320.0
2025-01-21T00:00:00+09:00,U002,entertainment,-4,1,False,False,8300.0
2025-01-21T00:00:00+09:00,U002,other,-4,1,False,False,4610.0
2025-01-22T00:00:00+09:00,U002,social,-3,2,False,False,5680.0
2025-01-22T00:00:00+09:00,U002,entertainment,-3,2,False,False,430.0
2025-01-23T00:00:00+09:00,U002,entertainment,-2,3,False,False,2010.0
2025-01-23T00:00:00+09:00,U002,other,-2,3,False,False,4680.0
2025-01-24T00:00:00+09:00,U002,social,-1,4,False,False,7670.0
2025-01-24T00:00:00+09:00,U002,other,-1,4,False,False,350.0
2025-01-24T00:00:00+09:00,U002,entertainment,-1,4,False,False,970.0
2025-01-25T00:00:00+09:00,U002,other,0,5,True,False,2990.0
2025-01-25T00:00:00+09:00,U002,social,0,5,True,False,220.0
2025-01-25T00:00:00+09:00,U002,entertainment,0,5,True,False,2710.0
2025-01-26T00:00:00+09:00,U002,other,1,6,True,False,3240.0
2025-01-27T00:00:00+09:00,U002,utilities,2,0,False,False,4230.0
2025-01-28T00:00:00+09:00,U002,social,3,1,False,False,120.0
2025-01-28T00:00:00+09:00,U002,entertainment,3,1,False,False,4650.0
2025-01-29T00:00:00+09:00,U002,other,4,2,False,False,4970.0
2025-01-30T00:00:00+09:00,U002,entertainment,5,3,False,False,13980.0
2025-01-31T00:00:00+09:00,U002,entertainment,6,4,False,False,4080.0
2025-02-01T00:00:00+09:00,U002,entertainment,-24,5,True,False,6100.0
2025-02-02T00:00:00+09:00,U002,other,-23,6,True,False,1850.0
2025-02-02T00:00:00+09:00,U002,entertainment,-23,6,True,False,6540.0
2025-02-02T00:00:00+09:00,U002,social,-23,6,True,False,9330.0
2025-02-03T00:00:00+09:00,U002,entertainment,-22,0,False,False,2470.0
2025-02-03T00:00:00+09:00,U002,other,-22,0,False,False,130.0
2025-02-04T00:00:00+09:00,U002,other,-21,1,False,False,5930.0
2025-02-05T00:00:00+09:00,U002,entertainment,-20,2,False,True,210.0
2025-02-06T00:00:00+09:00,U002,entertainment,-19,3,False,False,8730.0
2025-02-06T00:00:00+09:00,U002,social,-19,3,False,False,2750.0
2025-02-06T00:00:00+09:00,U002,other,-19,3,False,False,2770.0
2025-02-07T00:00:00+09:00,U002,other,-18,4,False,False,4430.0
2025-02-07T00:00:00+09:00,U002,entertainment,-18,4,False,False,5170.0
2025-02-08T00:00:00+09:00,U002,entertainment,-17,5,True,False,680.0
2025-02-08T00:00:00+09:00,U002,other,-17,5,True,False,2550.0
2025-02-08T00:00:00+09:00,U002,utilities,-17,5,True,False,3930.0
2025-02-09T00:00:00+09:00,U002,social,-16,6,True,False,1010.0
2025-02-09T00:00:00+09:00,U002,other,-16,6,True,False,3880.0
2025-02-09T00:00:00+09:00,U002,entertainment,-16,6,True,False,3270.0
2025-02-10T00:00:00+09:00,U002,other,-15,0,False,False,2780.0
2025-02-11T00:00:00+09:00,U002,entertainment,-14,1,False,False,1670.0
2025-02-11T00:00:00+09:00,U002,other,-14,1,False,False,18320.0
2025-02-12T00:00:00+09:00,U002,entertainment,-13,2,False,False,5770.0
2025-02-12T00:00:00+09:00,U002,other,-13,2,False,False,1040.0
2025-02-12T00:00:00+09:00,U002,social,-13,2,False,False,510.0
2025-02-13T00:00:00+09:00,U002,entertainment,-12,3,False,False,6540.0
2025-02-13T00:00:00+09:00,U002,other,-12,3,False,False,5650.0
2025-02-14T00:00:00+09:00,U002,entertainment,-11,4,False,False,270.0
2025-02-14T00:00:00+09:00,U002,other,-11,4,False,False,3020.0
2025-02-15T00:00:00+09:00,U002,entertainment,-10,5,True,False,1760.0
2025-02-15T00:00:00+09:00,U002,food,-10,5,True,False,990.0
2025-02-16T00:00:00+09:00,U002,social,-9,6,True,False,4080.0
2025-02-16T00:00:00+09:00,U002,entertainment,-9,6,True,False,5710.0
2025-02-17T00:00:00+09:00,U002,entertainment,-8,0,False,False,2240.0
2025-02-17T00:00:00+09:00,U002,social,-8,0,False,False,11090.0
2025-02-17T00:00:00+09:00,U002,utilities,-8,0,False,False,4460.0
2025-02-18T00:00:00+09:00,U002,other,-7,1,False,False,7100.0
2025-02-18T00:00:00+09:00,U002,social,-7,1,False,False,2430.0
2025-02-19T00:00:00+09:00,U002,entertainment,-6,2,False,False,4750.0
2025-02-19T00:00:00+09:00,U002,other,-6,2,False,False,4000.0
2025-02-19T00:00:00+09:00,U002,social,-6,2,False,False,6920.0
2025-02-20T00:00:00+09:00,U002,entertainment,-5,3,False,False,870.0
2025-02-20T00:00:00+09:00,U002,other,-5,3,False,False,4730.0
2025-02-20T00:00:00+09:00,U002,social,-5,3,False,False,430.0
2025-02-21T00:00:00+09:00,U002,entertainment,-4,4,False,False,4860.0
2025-02-21T00:00:00+09:00,U002,other,-4,4,False,False,2130.0
2025-02-22T00:00:00+09:00,U002,entertainment,-3,5,True,False,340.0
2025-02-22T00:00:00+09:00,U002,other,-3,5,True,False,4870.0
2025-02-22T00:00:00+09:00,U002,social,-3,5,True,False,5660.0
2025-02-23T00:00:00+09:00,U002,other,-2,6,True,True,8890.0
2025-02-23T00:00:00+09:00,U002,social,-2,6,True,True,1390.0
2025-02-23T00:00:00+09:00,U002,entertainment,-2,6,True,True,11510.0
2025-02-24T00:00:00+09:00,U002,entertainment,-1,0,False,False,220.0
2025-02-24T00:00:00+09:00,U002,social,-1,0,False,False,7660.0
2025-02-24T00:00:00+09:00,U002,other,-1,0,False,False,5010.0
2025-02-25T00:00:00+09:00,U002,social,0,1,False,False,6120.0
2025-02-25T00:00:00+09:00,U002,other,0,1,False,False,700.0
2025-02-25T00:00:00+09:00,U002,entertainment,0,1,False,False,9940.0
2025-02-26T00:00:00+09:00,U002,entertainment,1,2,False,False,5740.0
2025-02-26T00:00:00+09:00,U002,social,1,2,False,False,1560.0
2025-02-27T00:00:00+09:00,U002,social,2,3,False,False,15050.0
2025-02-28T00:00:00+09:00,U002,entertainment,3,4,False,False,3560.0
2025-03-01T00:00:00+09:00,U002,entertainment,-24,5,True,False,810.0
2025-03-01T00:00:00+09:00,U002,social,-24,5,True,False,220.0
2025-03-01T00:00:00+09:00,U002,food,-24,5,True,False,4860.0
2025-03-02T00:00:00+09:00,U002,entertainment,-23,6,True,False,6910.0
2025-03-02T00:00:00+09:00,U002,other,-23,6,True,False,13910.0
2025-03-03T00:00:00+09:00,U002,entertainment,-22,0,False,False,40.0
2025-03-03T00:00:00+09:00,U002,social,-22,0,False,False,8220.0
2025-03-03T00:00:00+09:00,U002,other,-22,0,False,False,5170.0
2025-03-04T00:00:00+09:00,U002,other,-21,1,False,False,4740.0
2025-03-04T00:00:00+09:00,U002,social,-21,1,False,False,880.0
2025-03-04T00:00:00+09:00,U002,entertainment,-21,1,False,False,15520.0
2025-03-05T00:00:00+09:00,U002,other,-20,2,False,False,7970.0
2025-03-05T00:00:00+09:00,U002,social,-20,2,False,False,1440.0
2025-03-05T00:00:00+09:00,U002,entertainment,-20,2,False,False,2390.0
2025-03-06T00:00:00+09:00,U002,food,-19,3,False,False,1000.0
2025-03-07T00:00:00+09:00,U002,other,-18,4,False,False,810.0
2025-03-07T00:00:00+09:00,U002,entertainment,-18,4,False,False,3100.0
2025-03-08T00:00:00+09:00,U002,entertainment,-17,5,True,False,4150.0
2025-03-09T00:00:00+09:00,U002,social,-16,6,True,True,16940.0
2025-03-09T00:00:00+09:00,U002,entertainment,-16,6,True,True,180.0
2025-03-10T00:00:00+09:00,U002,other,-15,0,False,False,4070.0
2025-03-10T00:00:00+09:00,U002,entertainment,-15,0,False,False,4010.0
2025-03-11T00:00:00+09:00,U002,entertainment,-14,1,False,False,5470.0
2025-03-12T00:00:00+09:00,U002,other,-13,2,False,False,1680.0
2025-03-12T00:00:00+09:00,U002,social,-13,2,False,False,7100.0
2025-03-13T00:00:00+09:00,U002,entertainment,-12,3,False,False,1180.0
2025-03-14T00:00:00+09:00,U002,other,-11,4,False,False,8900.0
2025-03-15T00:00:00+09:00,U002,entertainment,-10,5,True,False,1620.0
2025-03-16T00:00:00+09:00,U002,other,-9,6,True,False,6450.0
2025-03-16T00:00:00+09:00,U002,entertainment,-9,6,True,False,630.0
2025-03-16T00:00:00+09:00,U002,clothing_beauty_daily,-9,6,True,False,18780.0
2025-03-17T00:00:00+09:00,U002,social,-8,0,False,False,9280.0
2025-03-17T00:00:00+09:00,U002,entertainment,-8,0,False,False,6640.0
2025-03-17T00:00:00+09:00,U002,other,-8,0,False,False,5010.0
2025-03-18T00:00:00+09:00,U002,social,-7,1,False,False,1470.0
2025-03-19T00:00:00+09:00,U002,entertainment,-6,2,False,False,1690.0
2025-03-20T00:00:00+09:00,U002,other,-5,3,False,False,5200.0
2025-03-20T00:00:00+09:00,U002,entertainment,-5,3,False,False,5430.0
2025-03-21T00:00:00+09:00,U002,social,-4,4,False,False,4470.0
2025-03-21T00:00:00+09:00,U002,other,-4,4,False,False,100.0
2025-03-21T00:00:00+09:00,U002,entertainment,-4,4,False,False,680.0
2025-03-22T00:00:00+09:00,U002,entertainment,-3,5,True,False,2700.0
2025-03-22T00:00:00+09:00,U002,social,-3,5,True,False,7310.0
2025-03-23T00:00:00+09:00,U002,social,-2,6,True,False,6900.0
2025-03-23T00:00:00+09:00,U002,utilities,-2,6,True,False,320.0
2025-03-23T00:00:00+09:00,U002,other,-2,6,True,False,3970.0
2025-03-24T00:00:00+09:00,U002,entertainment,-1,0,False,False,530.0
2025-03-24T00:00:00+09:00,U002,social,-1,0,False,False,710.0
2025-03-25T00:00:00+09:00,U002,other,0,1,False,False,700.0
2025-03-25T00:00:00+09:00,U002,entertainment,0,1,False,False,3860.0
2025-03-25T00:00:00+09:00,U002,clothing_beauty_daily,0,1,False,False,6130.0
2025-03-26T00:00:00+09:00,U002,food,1,2,False,False,50.0
2025-03-26T00:00:00+09:00,U002,entertainment,1,2,False,False,18950.0
2025-03-27T00:00:00+09:00,U002,social,2,3,False,True,4130.0
2025-03-27T00:00:00+09:00,U002,entertainment,2,3,False,True,17140.0
2025-03-28T00:00:00+09:00,U002,utilities,3,4,False,False,130.0
2025-03-28T00:00:00+09:00,U002,other,3,4,False,False,5980.0
2025-03-28T00:00:00+09:00,U002,social,3,4,False,False,6590.0
2025-03-29T00:00:00+09:00,U002,social,4,5,True,False,12610.0
2025-03-29T00:00:00+09:00,U002,entertainment,4,5,True,False,2540.0
2025-03-29T00:00:00+09:00,U002,other,4,5,True,False,260.0
2025-03-30T00:00:00+09:00,U002,other,5,6,True,False,17420.0
2025-03-31T00:00:00+09:00,U002,other,6,0,False,False,3860.0
2025-03-31T00:00:00+09:00,U002,entertainment,6,0,False,False,4240.0
2025-04-01T00:00:00+09:00,U002,other,-24,1,False,False,2790.0
2025-04-02T00:00:00+09:00,U002,other,-23,2,False,False,2970.0
2025-04-02T00:00:00+09:00,U002,entertainment,-23,2,False,False,5270.0
2025-04-03T00:00:00+09:00,U002,social,-22,3,False,False,5190.0
2025-04-03T00:00:00+09:00,U002,food,-22,3,False,False,7580.0
2025-04-03T00:00:00+09:00,U002,entertainment,-22,3,False,False,4740.0
2025-04-04T00:00:00+09:00,U002,entertainment,-21,4,False,False,7130.0
2025-04-04T00:00:00+09:00,U002,social,-21,4,False,False,4510.0
2025-04-04T00:00:00+09:00,U002,other,-21,4,False,False,1910.0
2025-04-05T00:00:00+09:00,U002,other,-20,5,True,False,4040.0
2025-04-06T00:00:00+09:00,U002,other,-19,6,True,False,950.0
2025-04-07T00:00:00+09:00,U002,entertainment,-18,0,False,True,6470.0
2025-04-07T00:00:00+09:00,U002,social,-18,0,False,True,180.0
2025-04-08T00:00:00+09:00,U002,entertainment,-17,1,False,False,580.0
2025-04-09T00:00:00+09:00,U002,entertainment,-16,2,False,False,3850.0
2025-04-09T00:00:00+09:00,U002,social,-16,2,False,False,500.0
2025-04-09T00:00:00+09:00,U002,other,-16,2,False,False,1130.0
2025-04-10T00:00:00+09:00,U002,entertainment,-15,3,False,False,1070.0
2025-04-10T00:00:00+09:00,U002,social,-15,3,False,False,2970.0
2025-04-10T00:00:00+09:00,U002,other,-15,3,False,False,7310.0
2025-04-11T00:00:00+09:00,U002,social,-14,4,False,False,1360.0
2025-04-12T00:00:00+09:00,U002,other,-13,5,True,False,6610.0
2025-04-12T00:00:00+09:00,U002,social,-13,5,True,False,2880.0
2025-04-12T00:00:00+09:00,U002,entertainment,-13,5,True,False,6700.0
2025-04-13T00:00:00+09:00,U002,entertainment,-12,6,True,False,4400.0
2025-04-13T00:00:00+09:00,U002,other,-12,6,True,False,6490.0
2025-04-14T00:00:00+09:00,U002,other,-11,0,False,False,4690.0
2025-04-14T00:00:00+09:00,U002,clothing_beauty_daily,-11,0,False,False,1720.0
2025-04-15T00:00:00+09:00,U002,entertainment,-10,1,False,False,1540.0
2025-04-16T00:00:00+09:00,U002,other,-9,2,False,False,4920.0
2025-04-17T00:00:00+09:00,U002,social,-8,3,False,False,4820.0
2025-04-17T00:00:00+09:00,U002,other,-8,3,False,False,2990.0
2025-04-18T00:00:00+09:00,U002,entertainment,-7,4,False,False,7160.0
2025-04-19T00:00:00+09:00,U002,entertainment,-6,5,True,False,4140.0
2025-04-20T00:00:00+09:00,U002,entertainment,-5,6,True,False,390.0
2025-04-21T00:00:00+09:00,U002,social,-4,0,False,False,750.0
2025-04-21T00:00:00+09:00,U002,entertainment,-4,0,False,False,370.0
2025-04-21T00:00:00+09:00,U002,other,-4,0,False,False,1880.0
2025-04-22T00:00:00+09:00,U002,transport,-3,1,False,True,5560.0
2025-04-23T00:00:00+09:00,U002,clothing_beauty_daily,-2,2,False,False,2590.0
2025-04-23T00:00:00+09:00,U002,other,-2,2,False,False,5540.0
2025-04-24T00:00:00+09:00,U002,social,-1,3,False,False,10560.0
2025-04-25T00:00:00+09:00,U002,social,0,4,False,False,5000.0
2025-04-25T00:00:00+09:00,U002,other,0,4,False,False,4110.0
2025-04-26T00:00:00+09:00,U002,entertainment,1,5,True,False,460.0
2025-04-26T00:00:00+09:00,U002,transport,1,5,True,False,23180.0
2025-04-27T00:00:00+09:00,U002,entertainment,2,6,True,False,140.0
2025-04-27T00:00:00+09:00,U002,social,2,6,True,False,4450.0
2025-04-28T00:00:00+09:00,U002,social,3,0,False,False,7120.0
2025-04-29T00:00:00+09:00,U002,other,4,1,False,False,480.0
2025-04-29T00:00:00+09:00,U002,entertainment,4,1,False,False,6030.0
2025-04-30T00:00:00+09:00,U002,entertainment,5,2,False,False,1780.0
2025-04-30T00:00:00+09:00,U002,social,5,2,False,False,450.0
2025-05-01T00:00:00+09:00,U002,other,-24,3,False,False,5330.0
2025-05-01T00:00:00+09:00,U002,entertainment,-24,3,False,False,4710.0
2025-05-02T00:00:00+09:00,U002,transport,-23,4,False,False,9810.0
2025-05-03T00:00:00+09:00,U002,entertainment,-22,5,True,False,6370.0
2025-05-04T00:00:00+09:00,U002,entertainment,-21,6,True,True,150.0
2025-05-04T00:00:00+09:00,U002,other,-21,6,True,True,6640.0
2025-05-05T00:00:00+09:00,U002,social,-20,0,False,False,250.0
2025-05-06T00:00:00+09:00,U002,other,-19,1,False,False,1540.0
2025-05-07T00:00:00+09:00,U002,other,-18,2,False,False,2290.0
2025-05-08T00:00:00+09:00,U002,other,-17,3,False,False,5060.0
2025-05-08T00:00:00+09:00,U002,entertainment,-17,3,False,False,8540.0
2025-05-08T00:00:00+09:00,U002,social,-17,3,False,False,2460.0
2025-05-09T00:00:00+09:00,U002,other,-16,4,False,False,2210.0
2025-05-10T00:00:00+09:00,U002,entertainment,-15,5,True,False,420.0
2025-05-10T00:00:00+09:00,U002,other,-15,5,True,False,13180.0
2025-05-10T00:00:00+09:00,U002,social,-15,5,True,False,3170.0
2025-05-11T00:00:00+09:00,U002,social,-14,6,True,False,6310.0
2025-05-11T00:00:00+09:00,U002,other,-14,6,True,False,7440.0
2025-05-12T00:00:00+09:00,U002,social,-13,0,False,False,2130.0
2025-05-12T00:00:00+09:00,U002,entertainment,-13,0,False,False,2330.0
2025-05-13T00:00:00+09:00,U002,social,-12,1,False,False,3320.0
2025-05-13T00:00:00+09:00,U002,entertainment,-12,1,False,False,2550.0
2025-05-14T00:00:00+09:00,U002,other,-11,2,False,False,370.0
2025-05-15T00:00:00+09:00,U002,entertainment,-10,3,False,False,690.0
2025-05-16T00:00:00+09:00,U002,entertainment,-9,4,False,True,80.0
2025-05-16T00:00:00+09:00,U002,other,-9,4,False,True,930.0
2025-05-17T00:00:00+09:00,U002,entertainment,-8,5,True,False,490.0
2025-05-17T00:00:00+09:00,U002,other,-8,5,True,False,8520.0
2025-05-17T00:00:00+09:00,U002,social,-8,5,True,False,3230.0
2025-05-18T00:00:00+09:00,U002,social,-7,6,True,False,6230.0
2025-05-18T00:00:00+09:00,U002,other,-7,6,True,False,900.0
2025-05-18T00:00:00+09:00,U002,entertainment,-7,6,True,False,5630.0
2025-05-19T00:00:00+09:00,U002,other,-6,0,False,False,7920.0
2025-05-19T00:00:00+09:00,U002,social,-6,0,False,False,340.0
2025-05-19T00:00:00+09:00,U002,entertainment,-6,0,False,False,11110.0
2025-05-20T00:00:00+09:00,U002,entertainment,-5,1,False,False,2940.0
2025-05-20T00:00:00+09:00,U002,social,-5,1,False,False,450.0
2025-05-20T00:00:00+09:00,U002,clothing_beauty_daily,-5,1,False,False,11920.0
2025-05-21T00:00:00+09:00,U002,social,-4,2,False,False,1940.0
2025-05-22T00:00:00+09:00,U002,entertainment,-3,3,False,False,3090.0
2025-05-22T00:00:00+09:00,U002,social,-3,3,False,False,5450.0
2025-05-23T00:00:00+09:00,U002,other,-2,4,False,False,8490.0
2025-05-23T00:00:00+09:00,U002,entertainment,-2,4,False,False,11990.0
2025-05-24T00:00:00+09:00,U002,other,-1,5,True,False,2980.0
2025-05-24T00:00:00+09:00,U002,food,-1,5,True,False,1510.0
2025-05-24T00:00:00+09:00,U002,entertainment,-1,5,True,False,4580.0
2025-05-25T00:00:00+09:00,U002,entertainment,0,6,True,False,5820.0
2025-05-25T00:00:00+09:00,U002,other,0,6,True,False,6730.0
2025-05-25T00:00:00+09:00,U002,social,0,6,True,False,27060.0
2025-05-26T00:00:00+09:00,U002,other,1,0,False,False,4800.0
2025-05-26T00:00:00+09:00,U002,entertainment,1,0,False,False,1560.0
2025-05-26T00:00:00+09:00,U002,social,1,0,False,False,10.0
2025-05-27T00:00:00+09:00,U002,other,2,1,False,False,660.0
2025-05-28T00:00:00+09:00,U002,food,3,2,False,False,380.0
2025-05-28T00:00:00+09:00,U002,entertainment,3,2,False,False,4030.0
2025-05-29T00:00:00+09:00,U002,other,4,3,False,False,450.0
2025-05-29T00:00:00+09:00,U002,entertainment,4,3,False,False,7150.0
2025-05-29T00:00:00+09:00,U002,social,4,3,False,False,130.0
2025-05-30T00:00:00+09:00,U002,other,5,4,False,False,670.0
2025-01-01T00:00:00+09:00,U003,food,-24,2,False,False,440.0
2025-01-01T00:00:00+09:00,U003,clothing_beauty_daily,-24,2,False,False,210.0
2025-01-01T00:00:00+09:00,U003,other,-24,2,False,False,70.0
2025-01-02T00:00:00+09:00,U003,food,-23,3,False,False,590.0
2025-01-03T00:00:00+09:00,U003,clothing_beauty_daily,-22,4,False,False,9730.0
2025-01-03T00:00:00+09:00,U003,food,-22,4,False,False,800.0
2025-01-03T00:00:00+09:00,U003,other,-22,4,False,False,5470.0
2025-01-04T00:00:00+09:00,U003,other,-21,5,True,False,1640.0
2025-01-04T00:00:00+09:00,U003,entertainment,-21,5,True,False,2000.0
2025-01-05T00:00:00+09:00,U003,other,-20,6,True,False,360.0
2025-01-06T00:00:00+09:00,U003,food,-19,0,False,False,4920.0
2025-01-06T00:00:00+09:00,U003,other,-19,0,False,False,5080.0
2025-01-06T00:00:00+09:00,U003,clothing_beauty_daily,-19,0,False,False,3160.0
2025-01-07T00:00:00+09:00,U003,food,-18,1,False,False,2180.0
2025-01-08T00:00:00+09:00,U003,other,-17,2,False,False,2170.0
2025-01-08T00:00:00+09:00,U003,clothing_beauty_daily,-17,2,False,False,3680.0
2025-01-08T00:00:00+09:00,U003,food,-17,2,False,False,150.0
2025-01-09T00:00:00+09:00,U003,food,-16,3,False,False,2660.0
2025-01-09T00:00:00+09:00,U003,clothing_beauty_daily,-16,3,False,False,11640.0
2025-01-09T00:00:00+09:00,U003,other,-16,3,False,False,8080.0
2025-01-10T00:00:00+09:00,U003,social,-15,4,False,False,1190.0
2025-01-11T00:00:00+09:00,U003,food,-14,5,True,False,700.0
2025-01-11T00:00:00+09:00,U003,clothing_beauty_daily,-14,5,True,False,13310.0
2025-01-12T00:00:00+09:00,U003,food,-13,6,True,False,3980.0
2025-01-12T00:00:00+09:00,U003,other,-13,6,True,False,12680.0
2025-01-12T00:00:00+09:00,U003,clothing_beauty_daily,-13,6,True,False,1990.0
2025-01-13T00:00:00+09:00,U003,food,-12,0,False,False,9860.0
2025-01-13T00:00:00+09:00,U003,social,-12,0,False,False,790.0
2025-01-13T00:00:00+09:00,U003,other,-12,0,False,False,2620.0
2025-01-14T00:00:00+09:00,U003,other,-11,1,False,False,1140.0
2025-01-15T00:00:00+09:00,U003,other,-10,2,False,False,350.0
2025-01-16T00:00:00+09:00,U003,other,-9,3,False,False,2450.0
2025-01-16T00:00:00+09:00,U003,food,-9,3,False,False,8180.0
2025-01-16T00:00:00+09:00,U003,clothing_beauty_daily,-9,3,False,False,6070.0
2025-01-17T00:00:00+09:00,U003,clothing_beauty_daily,-8,4,False,False,7580.0
2025-01-18T00:00:00+09:00,U003,clothing_beauty_daily,-7,5,True,False,21280.0
2025-01-19T00:00:00+09:00,U003,food,-6,6,True,False,1370.0
2025-01-20T00:00:00+09:00,U003,other,-5,0,False,False,10950.0
2025-01-21T00:00:00+09:00,U003,clothing_beauty_daily,-4,1,False,False,3870.0
2025-01-22T00:00:00+09:00,U003,other,-3,2,False,False,1230.0
2025-01-23T00:00:00+09:00,U003,food,-2,3,False,False,6960.0
2025-01-24T00:00:00+09:00,U003,clothing_beauty_daily,-1,4,False,False,2000.0
2025-01-24T00:00:00+09:00,U003,food,-1,4,False,False,6440.0
2025-01-24T00:00:00+09:00,U003,other,-1,4,False,False,20.0
2025-01-25T00:00:00+09:00,U003,other,0,5,True,False,540.0
2025-01-26T00:00:00+09:00,U003,other,1,6,True,False,1290.0
2025-01-27T00:00:00+09:00,U003,other,2,0,False,False,790.0
2025-01-27T00:00:00+09:00,U003,food,2,0,False,False,3090.0
2025-01-27T00:00:00+09:00,U003,clothing_beauty_daily,2,0,False,False,11620.0
2025-01-28T00:00:00+09:00,U003,clothing_beauty_daily,3,1,False,False,2700.0
2025-01-29T00:00:00+09:00,U003,other,4,2,False,False,9180.0
2025-01-30T00:00:00+09:00,U003,other,5,3,False,False,6480.0
2025-01-31T00:00:00+09:00,U003,food,6,4,False,False,1360.0
2025-01-31T00:00:00+09:00,U003,other,6,4,False,False,1040.0
2025-02-01T00:00:00+09:00,U003,other,-24,5,True,True,6820.0
2025-02-02T00:00:00+09:00,U003,clothing_beauty_daily,-23,6,True,True,2280.0
2025-02-02T00:00:00+09:00,U003,food,-23,6,True,True,3250.0
2025-02-02T00:00:00+09:00,U003,other,-23,6,True,True,3270.0
2025-02-03T00:00:00+09:00,U003,clothing_beauty_daily,-22,0,False,False,25120.0
2025-02-04T00:00:00+09:00,U003,food,-21,1,False,True,21280.0
2025-02-05T00:00:00+09:00,U003,food,-20,2,False,False,1130.0
2025-02-05T00:00:00+09:00,U003,clothing_beauty_daily,-20,2,False,False,5270.0
2025-02-06T00:00:00+09:00,U003,other,-19,3,False,False,2490.0
2025-02-06T00:00:00+09:00,U003,clothing_beauty_daily,-19,3,False,False,2540.0
2025-02-07T00:00:00+09:00,U003,clothing_beauty_daily,-18,4,False,False,1470.0
2025-02-08T00:00:00+09:00,U003,other,-17,5,True,False,7340.0
2025-02-08T00:00:00+09:00,U003,clothing_beauty_daily,-17,5,True,False,580.0
2025-02-09T00:00:00+09:00,U003,other,-16,6,True,False,3310.0
2025-02-09T00:00:00+09:00,U003,clothing_beauty_daily,-16,6,True,False,1870.0
2025-02-09T00:00:00+09:00,U003,food,-16,6,True,False,7740.0
2025-02-10T00:00:00+09:00,U003,other,-15,0,False,False,7110.0
2025-02-11T00:00:00+09:00,U003,clothing_beauty_daily,-14,1,False,False,13400.0
2025-02-11T00:00:00+09:00,U003,food,-14,1,False,False,4660.0
2025-02-11T00:00:00+09:00,U003,other,-14,1,False,False,4690.0
2025-02-12T00:00:00+09:00,U003,clothing_beauty_daily,-13,2,False,False,130.0
2025-02-13T00:00:00+09:00,U003,clothing_beauty_daily,-12,3,False,False,130.0
2025-02-14T00:00:00+09:00,U003,clothing_beauty_daily,-11,4,False,False,8060.0
2025-02-15T00:00:00+09:00,U003,other,-10,5,True,False,2030.0
2025-02-16T00:00:00+09:00,U003,clothing_beauty_daily,-9,6,True,False,3630.0
2025-02-17T00:00:00+09:00,U003,other,-8,0,False,False,5980.0
2025-02-18T00:00:00+09:00,U003,clothing_beauty_daily,-7,1,False,False,120.0
2025-02-19T00:00:00+09:00,U003,other,-6,2,False,False,2770.0
2025-02-19T00:00:00+09:00,U003,clothing_beauty_daily,-6,2,False,False,2410.0
2025-02-20T00:00:00+09:00,U003,other,-5,3,False,True,2180.0
2025-02-21T00:00:00+09:00,U003,clothing_beauty_daily,-4,4,False,False,7330.0
2025-02-21T00:00:00+09:00,U003,food,-4,4,False,False,1840.0
2025-02-22T00:00:00+09:00,U003,food,-3,5,True,False,26420.0
2025-02-22T00:00:00+09:00,U003,other,-3,5,True,False,2810.0
2025-02-22T00:00:00+09:00,U003,clothing_beauty_daily,-3,5,True,False,2490.0
2025-02-23T00:00:00+09:00,U003,clothing_beauty_daily,-2,6,True,False,9750.0
2025-02-24T00:00:00+09:00,U003,food,-1,0,False,False,3430.0
2025-02-24T00:00:00+09:00,U003,clothing_beauty_daily,-1,0,False,False,4410.0
2025-02-24T00:00:00+09:00,U003,other,-1,0,False,False,1320.0
2025-02-25T00:00:00+09:00,U003,other,0,1,False,False,1490.0
2025-02-25T00:00:00+09:00,U003,clothing_beauty_daily,0,1,False,False,7020.0
2025-02-26T00:00:00+09:00,U003,food,1,2,False,False,10730.0
2025-02-27T00:00:00+09:00,U003,clothing_beauty_daily,2,3,False,False,890.0
2025-02-27T00:00:00+09:00,U003,other,2,3,False,False,1750.0
2025-02-27T00:00:00+09:00,U003,food,2,3,False,False,420.0
2025-02-28T00:00:00+09:00,U003,other,3,4,False,False,2530.0
2025-02-28T00:00:00+09:00,U003,food,3,4,False,False,640.0
2025-03-01T00:00:00+09:00,U003,food,-24,5,True,False,8040.0
2025-03-01T00:00:00+09:00,U003,other,-24,5,True,False,270.0
2025-03-02T00:00:00+09:00,U003,utilities,-23,6,True,False,3770.0
2025-03-02T00:00:00+09:00,U003,clothing_beauty_daily,-23,6,True,False,460.0
2025-03-03T00:00:00+09:00,U003,clothing_beauty_daily,-22,0,False,False,5810.0
2025-03-03T00:00:00+09:00,U003,other,-22,0,False,False,8890.0
2025-03-04T00:00:00+09:00,U003,clothing_beauty_daily,-21,1,False,False,7410.0
2025-03-04T00:00:00+09:00,U003,other,-21,1,False,False,210.0
2025-03-04T00:00:00+09:00,U003,food,-21,1,False,False,9650.0
2025-03-05T00:00:00+09:00,U003,other,-20,2,False,False,3850.0
2025-03-06T00:00:00+09:00,U003,food,-19,3,False,False,210.0
2025-03-06T00:00:00+09:00,U003,clothing_beauty_daily,-19,3,False,False,1430.0
2025-03-07T00:00:00+09:00,U003,food,-18,4,False,False,5760.0
2025-03-08T00:00:00+09:00,U003,clothing_beauty_daily,-17,5,True,False,2310.0
2025-03-08T00:00:00+09:00,U003,food,-17,5,True,False,2430.0
2025-03-08T00:00:00+09:00,U003,other,-17,5,True,False,7030.0
2025-03-09T00:00:00+09:00,U003,utilities,-16,6,True,False,7090.0
2025-03-10T00:00:00+09:00,U003,clothing_beauty_daily,-15,0,False,False,370.0
2025-03-10T00:00:00+09:00,U003,other,-15,0,False,False,13420.0
2025-03-10T00:00:00+09:00,U003,food,-15,0,False,False,13530.0
2025-03-11T00:00:00+09:00,U003,food,-14,1,False,False,40.0
2025-03-12T00:00:00+09:00,U003,other,-13,2,False,False,3940.0
2025-03-12T00:00:00+09:00,U003,clothing_beauty_daily,-13,2,False,False,2580.0
2025-03-12T00:00:00+09:00,U003,food,-13,2,False,False,13050.0
2025-03-13T00:00:00+09:00,U003,clothing_beauty_daily,-12,3,False,False,7390.0
2025-03-13T00:00:00+09:00,U003,food,-12,3,False,False,210.0
2025-03-13T00:00:00+09:00,U003,other,-12,3,False,False,10020.0
2025-03-14T00:00:00+09:00,U003,clothing_beauty_daily,-11,4,False,False,1010.0
2025-03-15T00:00:00+09:00,U003,clothing_beauty_daily,-10,5,True,False,10160.0
2025-03-16T00:00:00+09:00,U003,other,-9,6,True,False,4450.0
2025-03-16T00:00:00+09:00,U003,clothing_beauty_daily,-9,6,True,False,2190.0
2025-03-16T00:00:00+09:00,U003,food,-9,6,True,False,2390.0
2025-03-17T00:00:00+09:00,U003,food,-8,0,False,False,1510.0
2025-03-17T00:00:00+09:00,U003,other,-8,0,False,False,3600.0
2025-03-18T00:00:00+09:00,U003,food,-7,1,False,False,14160.0
2025-03-18T00:00:00+09:00,U003,clothing_beauty_daily,-7,1,False,False,1860.0
2025-03-19T00:00:00+09:00,U003,other,-6,2,False,False,1450.0
2025-03-20T00:00:00+09:00,U003,other,-5,3,False,False,7720.0
2025-03-20T00:00:00+09:00,U003,food,-5,3,False,False,22740.0
2025-03-21T00:00:00+09:00,U003,other,-4,4,False,False,1580.0
2025-03-22T00:00:00+09:00,U003,clothing_beauty_daily,-3,5,True,False,8290.0
2025-03-23T00:00:00+09:00,U003,clothing_beauty_daily,-2,6,True,False,940.0
2025-03-23T00:00:00+09:00,U003,other,-2,6,True,False,3780.0
2025-03-24T00:00:00+09:00,U003,food,-1,0,False,False,1010.0
2025-03-25T00:00:00+09:00,U003,other,0,1,False,False,13390.0
2025-03-25T00:00:00+09:00,U003,clothing_beauty_daily,0,1,False,False,910.0
2025-03-25T00:00:00+09:00,U003,food,0,1,False,False,1760.0
2025-03-26T00:00:00+09:00,U003,clothing_beauty_daily,1,2,False,False,9530.0
2025-03-26T00:00:00+09:00,U003,other,1,2,False,False,2800.0
2025-03-27T00:00:00+09:00,U003,other,2,3,False,False,9780.0
2025-03-27T00:00:00+09:00,U003,clothing_beauty_daily,2,3,False,False,20.0
2025-03-28T00:00:00+09:00,U003,other,3,4,False,False,2500.0
2025-03-29T00:00:00+09:00,U003,other,4,5,True,False,720.0
2025-03-29T00:00:00+09:00,U003,food,4,5,True,False,1550.0
2025-03-29T00:00:00+09:00,U003,clothing_beauty_daily,4,5,True,False,14000.0
2025-03-30T00:00:00+09:00,U003,clothing_beauty_daily,5,6,True,False,320.0
2025-03-30T00:00:00+09:00,U003,food,5,6,True,False,22950.0
2025-03-31T00:00:00+09:00,U003,other,6,0,False,False,2740.0
2025-03-31T00:00:00+09:00,U003,clothing_beauty_daily,6,0,False,False,480.0
2025-03-31T00:00:00+09:00,U003,food,6,0,False,False,5710.0
2025-04-01T00:00:00+09:00,U003,food,-24,1,False,False,5020.0
2025-04-01T00:00:00+09:00,U003,other,-24,1,False,False,510.0
2025-04-01T00:00:00+09:00,U003,transport,-24,1,False,False,2890.0
2025-04-02T00:00:00+09:00,U003,transport,-23,2,False,False,3040.0
2025-04-02T00:00:00+09:00,U003,clothing_beauty_daily,-23,2,False,False,5060.0
2025-04-03T00:00:00+09:00,U003,food,-22,3,False,False,8610.0
2025-04-04T00:00:00+09:00,U003,other,-21,4,False,False,940.0
2025-04-05T00:00:00+09:00,U003,other,-20,5,True,False,6810.0
2025-04-05T00:00:00+09:00,U003,clothing_beauty_daily,-20,5,True,False,3620.0
2025-04-06T00:00:00+09:00,U003,clothing_beauty_daily,-19,6,True,False,1880.0
2025-04-07T00:00:00+09:00,U003,food,-18,0,False,False,2180.0
2025-04-08T00:00:00+09:00,U003,other,-17,1,False,False,2080.0
2025-04-08T00:00:00+09:00,U003,food,-17,1,False,False,13750.0
2025-04-09T00:00:00+09:00,U003,social,-16,2,False,False,260.0
2025-04-10T00:00:00+09:00,U003,food,-15,3,False,False,9730.0
2025-04-10T00:00:00+09:00,U003,other,-15,3,False,False,8750.0
2025-04-11T00:00:00+09:00,U003,other,-14,4,False,False,2580.0
2025-04-11T00:00:00+09:00,U003,clothing_beauty_daily,-14,4,False,False,510.0
2025-04-12T00:00:00+09:00,U003,other,-13,5,True,False,21650.0
2025-04-12T00:00:00+09:00,U003,food,-13,5,True,False,13180.0
2025-04-13T00:00:00+09:00,U003,other,-12,6,True,False,1770.0
2025-04-13T00:00:00+09:00,U003,clothing_beauty_daily,-12,6,True,False,2550.0
2025-04-14T00:00:00+09:00,U003,food,-11,0,False,False,2820.0
2025-04-15T00:00:00+09:00,U003,food,-10,1,False,False,13260.0
2025-04-15T00:00:00+09:00,U003,clothing_beauty_daily,-10,1,False,False,4470.0
2025-04-15T00:00:00+09:00,U003,other,-10,1,False,False,6430.0
2025-04-16T00:00:00+09:00,U003,other,-9,2,False,False,6230.0
2025-04-16T00:00:00+09:00,U003,food,-9,2,False,False,3920.0
2025-04-17T00:00:00+09:00,U003,clothing_beauty_daily,-8,3,False,False,5580.0
2025-04-18T00:00:00+09:00,U003,other,-7,4,False,False,23460.0
2025-04-18T00:00:00+09:00,U003,clothing_beauty_daily,-7,4,False,False,180.0
2025-04-18T00:00:00+09:00,U003,food,-7,4,False,False,240.0
2025-04-19T00:00:00+09:00,U003,clothing_beauty_daily,-6,5,True,True,3610.0
2025-04-20T00:00:00+09:00,U003,clothing_beauty_daily,-5,6,True,False,2040.0
2025-04-20T00:00:00+09:00,U003,other,-5,6,True,False,2210.0
2025-04-20T00:00:00+09:00,U003,food,-5,6,True,False,3090.0
2025-04-21T00:00:00+09:00,U003,food,-4,0,False,False,1800.0
2025-04-21T00:00:00+09:00,U003,clothing_beauty_daily,-4,0,False,False,9720.0
2025-04-22T00:00:00+09:00,U003,food,-3,1,False,False,6300.0
2025-04-22T00:00:00+09:00,U003,clothing_beauty_daily,-3,1,False,False,1060.0
2025-04-23T00:00:00+09:00,U003,food,-2,2,False,False,6860.0
2025-04-23T00:00:00+09:00,U003,clothing_beauty_daily,-2,2,False,False,1260.0
2025-04-24T00:00:00+09:00,U003,clothing_beauty_daily,-1,3,False,False,290.0
2025-04-25T00:00:00+09:00,U003,other,0,4,False,False,4150.0
2025-04-25T00:00:00+09:00,U003,clothing_beauty_daily,0,4,False,False,9050.0
2025-04-25T00:00:00+09:00,U003,food,0,4,False,False,750.0
2025-04-26T00:00:00+09:00,U003,other,1,5,True,False,2400.0
2025-04-26T00:00:00+09:00,U003,clothing_beauty_daily,1,5,True,False,1160.0
2025-04-26T00:00:00+09:00,U003,food,1,5,True,False,880.0
2025-04-27T00:00:00+09:00,U003,other,2,6,True,False,8170.0
2025-04-28T00:00:00+09:00,U003,other,3,0,False,False,2450.0
2025-04-29T00:00:00+09:00,U003,food,4,1,False,False,13500.0
2025-04-30T00:00:00+09:00,U003,clothing_beauty_daily,5,2,False,False,8510.0
2025-04-30T00:00:00+09:00,U003,food,5,2,False,False,2590.0
2025-04-30T00:00:00+09:00,U003,other,5,2,False,False,14160.0
2025-05-01T00:00:00+09:00,U003,other,-24,3,False,False,1280.0
2025-05-01T00:00:00+09:00,U003,food,-24,3,False,False,2500.0
2025-05-01T00:00:00+09:00,U003,clothing_beauty_daily,-24,3,False,False,130.0
2025-05-02T00:00:00+09:00,U003,clothing_beauty_daily,-23,4,False,False,2080.0
2025-05-02T00:00:00+09:00,U003,other,-23,4,False,False,4920.0
2025-05-03T00:00:00+09:00,U003,other,-22,5,True,False,3020.0
2025-05-03T00:00:00+09:00,U003,food,-22,5,True,False,2390.0
2025-05-04T00:00:00+09:00,U003,clothing_beauty_daily,-21,6,True,False,4950.0
2025-05-04T00:00:00+09:00,U003,other,-21,6,True,False,18240.0
2025-05-05T00:00:00+09:00,U003,clothing_beauty_daily,-20,0,False,False,5600.0
2025-05-05T00:00:00+09:00,U003,other,-20,0,False,False,6760.0
2025-05-05T00:00:00+09:00,U003,food,-20,0,False,False,11520.0
2025-05-06T00:00:00+09:00,U003,other,-19,1,False,False,7130.0
2025-05-06T00:00:00+09:00,U003,food,-19,1,False,False,0.0
2025-05-07T00:00:00+09:00,U003,social,-18,2,False,False,7230.0
2025-05-08T00:00:00+09:00,U003,clothing_beauty_daily,-17,3,False,False,2370.0
2025-05-08T00:00:00+09:00,U003,food,-17,3,False,False,6870.0
2025-05-08T00:00:00+09:00,U003,other,-17,3,False,False,2690.0
2025-05-09T00:00:00+09:00,U003,clothing_beauty_daily,-16,4,False,False,3200.0
2025-05-09T00:00:00+09:00,U003,food,-16,4,False,False,11330.0
2025-05-10T00:00:00+09:00,U003,clothing_beauty_daily,-15,5,True,False,7860.0
2025-05-10T00:00:00+09:00,U003,other,-15,5,True,False,2340.0
2025-05-11T00:00:00+09:00,U003,other,-14,6,True,False,310.0
2025-05-11T00:00:00+09:00,U003,clothing_beauty_daily,-14,6,True,False,8730.0
2025-05-12T00:00:00+09:00,U003,clothing_beauty_daily,-13,0,False,False,1720.0
2025-05-12T00:00:00+09:00,U003,other,-13,0,False,False,7380.0
2025-05-13T00:00:00+09:00,U003,food,-12,1,False,False,17320.0
2025-05-14T00:00:00+09:00,U003,food,-11,2,False,False,460.0
2025-05-14T00:00:00+09:00,U003,clothing_beauty_daily,-11,2,False,False,3010.0
2025-05-14T00:00:00+09:00,U003,other,-11,2,False,False,2280.0
2025-05-15T00:00:00+09:00,U003,clothing_beauty_daily,-10,3,False,False,5050.0
2025-05-16T00:00:00+09:00,U003,clothing_beauty_daily,-9,4,False,False,7070.0
2025-05-16T00:00:00+09:00,U003,food,-9,4,False,False,3100.0
2025-05-16T00:00:00+09:00,U003,other,-9,4,False,False,12970.0
2025-05-17T00:00:00+09:00,U003,other,-8,5,True,False,280.0
2025-05-17T00:00:00+09:00,U003,food,-8,5,True,False,110.0
2025-05-17T00:00:00+09:00,U003,clothing_beauty_daily,-8,5,True,False,3600.0
2025-05-18T00:00:00+09:00,U003,other,-7,6,True,False,12530.0
2025-05-19T00:00:00+09:00,U003,clothing_beauty_daily,-6,0,False,False,8300.0
2025-05-19T00:00:00+09:00,U003,social,-6,0,False,False,180.0
2025-05-20T00:00:00+09:00,U003,food,-5,1,False,False,6130.0
2025-05-21T00:00:00+09:00,U003,other,-4,2,False,False,0.0
2025-05-21T00:00:00+09:00,U003,clothing_beauty_daily,-4,2,False,False,2500.0
2025-05-21T00:00:00+09:00,U003,utilities,-4,2,False,False,2440.0
2025-05-22T00:00:00+09:00,U003,food,-3,3,False,False,4690.0
2025-05-22T00:00:00+09:00,U003,clothing_beauty_daily,-3,3,False,False,3630.0
2025-05-22T00:00:00+09:00,U003,other,-3,3,False,False,8130.0
2025-05-23T00:00:00+09:00,U003,food,-2,4,False,False,6910.0
2025-05-24T00:00:00+09:00,U003,clothing_beauty_daily,-1,5,True,False,90.0
2025-05-24T00:00:00+09:00,U003,food,-1,5,True,False,1360.0
2025-05-24T00:00:00+09:00,U003,social,-1,5,True,False,7080.0
2025-05-25T00:00:00+09:00,U003,entertainment,0,6,True,False,340.0
2025-05-25T00:00:00+09:00,U003,food,0,6,True,False,10330.0
2025-05-25T00:00:00+09:00,U003,clothing_beauty_daily,0,6,True,False,13270.0
2025-05-26T00:00:00+09:00,U003,clothing_beauty_daily,1,0,False,False,5160.0
2025-05-26T00:00:00+09:00,U003,food,1,0,False,False,2020.0
2025-05-26T00:00:00+09:00,U003,other,1,0,False,False,2540.0
2025-05-27T00:00:00+09:00,U003,other,2,1,False,False,10930.0
2025-05-28T00:00:00+09:00,U003,food,3,2,False,False,5790.0
2025-05-29T00:00:00+09:00,U003,other,4,3,False,False,1650.0
2025-05-30T00:00:00+09:00,U003,other,5,4,False,False,3700.0
2025-05-30T00:00:00+09:00,U003,food,5,4,False,False,0.0
